Comment,Designator,Footprint,LCSC Part #
100nF,"C1,C2,C3,C4,C5,C6,C7,C9,C12,C13,C14,C20,C23,C25,C26,C28,C32,C33",C_0603_1608Metric,C14663
100nF,C8,RPI_C0402,C1525
4.7uF,"C10,C15",RPI_C0402_wide,C23733
10uF,"C11,C22",C_0603_1608Metric,C19702
4.7uF,C16,RPI_C0402,C23733
15pF,"C17,C18",C_0603_1608Metric,C1644
22uF,"C19,C29,C30,C31,C34,C35",C_0805_2012Metric,C45783
1uF,"C21,C24,C36,C37",C_0603_1608Metric,C15849
4.7uF,C27,C_0603_1608Metric,C19666
green,D1,LED_0603_1608Metric,C12624
BAT54C,D2,SOT-23,C37704
WS2812B-2020-V6,D3,LED_WS2812B-2020_PLCC4_2.0x2.0mm,C52917434
ESD5Z5.0T1G,"D4,D5,D6",D_SOD-523,C82044
SS34,"D7,D8",D_SMA,C8678
microSD,J2,TF-SMD_TF-015,C113206
USB-C,J3,USB_C_Receptacle_HRO_TYPE-C-31-M-12,C165948
3.3uH,L1,RPI_L_AOTA-B201610S3R3,C42411119
6.8uH,L2,L_Sunlord_SWPA4030S,C62684
33R,R1,RPI_R0402,C25105
1k,"R2,R5,R6,R7",R_0603_1608Metric,C21190
10k,"R3,R4,R8,R14,R15,R21",R_0603_1608Metric,C25804
100k,R9,R_0603_1608Metric,C25803
150k,R10,R_0603_1608Metric,C22807
27R,"R11,R12",RPI_R0402,C25100
330R,"R13,R16",R_0603_1608Metric,C23138
5.1k,"R17,R18",R_0603_1608Metric,C23186
22k,R19,R_0603_1608Metric,C31850
47k,R20,R_0603_1608Metric,C25819
4x10k,RN1,R_Array_Convex_4x0603,C29718
BOOTSEL,SW1,SW_SPST_TL3342,C2886898
S3_RST,SW2,SW_SPST_TL3342,C2886898
S3_BOOT,SW3,SW_SPST_TL3342,C2886898
RESET,SW4,SW_SPST_TL3342,C2886898
RP2354A,U1,RPI_RP2350A_QFN60,C41378174
ESP32-S3-WROOM-1-N16R8,U2,ESP32-S3-WROOM-1,C2913202
CP2102N-A02-GQFN28,U3,QFN-28-1EP_5x5mm_P0.5mm_EP3.35x3.35mm,C964632
UMH3N,U4,SOT-363_SC-70-6,C62892
AP63203WU,U5,TSOT-23-6,C780769
AP2112K-3.3,U6,SOT-23-5,C51118
12MHz,Y1,Crystal_SMD_3225-4Pin_3.2x2.5mm,C20625731
