Designator,Mid X,Mid Y,Layer,Rotation
C1,94.6000mm,-84.6000mm,Top,180
C2,94.6000mm,-86.4000mm,Top,180
C3,94.6000mm,-88.2000mm,Top,180
C4,102.3000mm,-72.6000mm,Top,90
C5,100.5000mm,-72.6000mm,Top,90
C6,96.9000mm,-72.6000mm,Top,90
C7,98.7000mm,-72.6000mm,Top,90
C8,96.1000mm,-82.1000mm,Top,180
C9,91.6000mm,-77.6000mm,Top,90
C10,98.8900mm,-78.0000mm,Top,90
C11,98.4500mm,-75.8000mm,Top,0
C12,97.9500mm,-78.0000mm,Top,90
C13,98.0000mm,-86.4000mm,Top,180
C14,98.0000mm,-84.6000mm,Top,180
C15,98.0000mm,-88.2000mm,Top,180
C16,113.4000mm,-83.6000mm,Top,180
C17,114.6000mm,-77.4000mm,Top,90
C18,81.2000mm,-58.2000mm,Top,0
C19,84.4000mm,-58.2000mm,Top,0
C20,90.8000mm,-58.2000mm,Top,0
C21,113.0000mm,-63.0000mm,Top,0
C22,102.4000mm,-40.6000mm,Top,90
C23,114.2000mm,-40.4000mm,Top,90
C24,112.4000mm,-40.4000mm,Top,90
C25,103.0000mm,-43.6000mm,Top,90
C26,103.0000mm,-47.4000mm,Top,90
C27,118.4000mm,-89.0000mm,Top,0
C28,118.4000mm,-87.4000mm,Top,0
C29,121.8000mm,-83.6000mm,Top,90
C30,119.0000mm,-72.8000mm,Top,0
C31,119.0000mm,-80.0000mm,Top,0
C32,116.4000mm,-76.6000mm,Top,90
C33,123.4000mm,-76.6000mm,Top,90
C34,125.6000mm,-76.6000mm,Top,90
C35,124.8000mm,-80.4000mm,Top,0
C36,92.4000mm,-75.0000mm,Top,180
C37,95.4000mm,-70.0000mm,Top,90
D1,82.0000mm,-84.6000mm,Top,180
D2,99.4000mm,-48.4000mm,Top,180
D3,99.4000mm,-40.6000mm,Top,0
D4,117.4000mm,-41.2000mm,Top,0
D5,120.4000mm,-41.2000mm,Top,0
D6,123.4000mm,-41.2000mm,Top,0
D7,118.6000mm,-66.6000mm,Top,90
J2,117.4000mm,-52.6000mm,Top,90
J3,121.0000mm,-35.6140mm,Top,180
L1,96.3000mm,-78.0000mm,Top,90
L2,124.0000mm,-71.6000mm,Top,0
Q1,114.8000mm,-88.6000mm,Top,180
R1,96.6000mm,-75.8000mm,Top,0
R2,109.6000mm,-80.2000mm,Top,0
R3,109.2000mm,-76.0000mm,Top,0
R4,78.4000mm,-84.6000mm,Top,0
R5,91.6000mm,-81.8000mm,Top,90
R6,105.6000mm,-55.6000mm,Top,0
R7,105.6000mm,-57.4000mm,Top,0
R8,96.1000mm,-81.1000mm,Top,0
R9,96.1000mm,-80.1000mm,Top,0
R10,99.4000mm,-46.0000mm,Top,0
R11,87.6000mm,-58.2000mm,Top,0
R12,109.2000mm,-60.6000mm,Top,0
R13,99.4000mm,-43.4000mm,Top,0
R14,114.2000mm,-36.2000mm,Top,90
R15,126.0000mm,-41.8000mm,Top,90
R16,108.8000mm,-49.8000mm,Top,90
R17,108.8000mm,-53.2000mm,Top,90
R18,105.4000mm,-49.8000mm,Top,0
R19,114.8000mm,-85.8000mm,Top,0
R20,121.8000mm,-87.4000mm,Top,90
R21,123.6000mm,-84.2000mm,Top,90
RN1,109.0000mm,-57.6000mm,Top,270
SW1,77.6000mm,-79.6000mm,Top,0
SW2,99.6000mm,-54.4000mm,Top,0
SW3,77.6000mm,-66.8000mm,Top,0
SW4,77.6000mm,-73.2000mm,Top,0
U1,103.5000mm,-80.0000mm,Top,90
U2,83.3000mm,-46.4700mm,Top,0
U3,107.4000mm,-44.8000mm,Top,270
U4,105.4000mm,-52.6000mm,Top,180
U5,120.0000mm,-76.6000mm,Top,270
U6,92.4000mm,-72.0000mm,Top,270
Y1,113.4000mm,-80.8000mm,Top,0
