Designator,Mid X,Mid Y,Layer,Rotation,Footprint,Value
C1,53.5000mm,-41.0000mm,Top,90,C_0805_2012Metric,22uF
C2,53.5000mm,-44.5000mm,Top,90,C_0603_1608Metric,100nF
C3,116.6000mm,-45.6000mm,Top,90,C_0603_1608Metric,10uF
C4,137.0000mm,-42.5000mm,Top,90,C_0603_1608Metric,1uF
C5,139.0000mm,-42.5000mm,Top,90,C_0603_1608Metric,100nF
C6,144.5000mm,-46.5000mm,Top,0,C_0805_2012Metric,22uF
C7,53.5000mm,-51.5000mm,Top,90,C_0603_1608Metric,1uF
C8,96.8000mm,-52.5000mm,Top,0,C_0603_1608Metric,4.7uF
C9,99.6000mm,-53.5000mm,Top,90,C_0603_1608Metric,100nF
C10,101.6000mm,-53.5000mm,Top,90,C_0603_1608Metric,100nF
C11,104.2000mm,-53.5000mm,Top,90,C_0603_1608Metric,100nF
C12,107.8000mm,-53.5000mm,Top,90,C_0603_1608Metric,100nF
C13,124.5000mm,-51.0000mm,Top,90,C_0603_1608Metric,100nF
C14,124.5000mm,-54.5000mm,Top,90,C_0603_1608Metric,4.7uF
C15,143.0000mm,-52.5000mm,Top,0,C_0603_1608Metric,100nF
C16,147.5000mm,-49.0000mm,Top,90,C_0805_2012Metric,22uF
C17,147.5000mm,-52.5000mm,Top,90,C_0805_2012Metric,22uF
C18,89.6000mm,-62.9000mm,Top,180,C_0603_1608Metric,4.7uF
C19,89.8000mm,-60.9000mm,Top,180,C_0603_1608Metric,100nF
C20,92.2000mm,-58.7000mm,Top,180,C_0603_1608Metric,100nF
C21,93.0000mm,-60.9000mm,Top,180,C_0603_1608Metric,4.7uF
C22,95.4000mm,-58.7000mm,Top,180,C_0603_1608Metric,100nF
C23,121.0000mm,-60.9000mm,Top,90,C_0603_1608Metric,15pF
C24,132.0000mm,-60.5000mm,Top,90,C_0805_2012Metric,22uF
C25,134.5000mm,-60.5000mm,Top,90,C_0805_2012Metric,22uF
C26,147.5000mm,-56.0000mm,Top,90,C_0603_1608Metric,100nF
C27,89.6000mm,-68.0000mm,Top,180,C_0603_1608Metric,10uF
C28,93.4000mm,-71.4000mm,Top,180,C_0603_1608Metric,100nF
C29,93.4000mm,-68.0000mm,Top,180,C_0603_1608Metric,100nF
C30,93.4000mm,-66.3000mm,Top,180,C_0603_1608Metric,100nF
C31,112.3000mm,-69.9000mm,Top,0,C_0603_1608Metric,100nF
C32,112.3000mm,-71.6000mm,Top,0,C_0603_1608Metric,100nF
C33,118.0000mm,-67.1000mm,Top,-90,C_0603_1608Metric,15pF
C34,76.5000mm,-76.5000mm,Top,90,C_0603_1608Metric,100nF
C35,88.0000mm,-74.0000mm,Top,180,C_0603_1608Metric,1uF
C36,94.8000mm,-74.5000mm,Top,180,C_0603_1608Metric,1uF
C37,101.8000mm,-73.5000mm,Top,-90,C_0603_1608Metric,100nF
C38,105.8000mm,-73.5000mm,Top,-90,C_0603_1608Metric,100nF
C39,124.0000mm,-78.1000mm,Top,0,C_0603_1608Metric,100nF
C40,133.0000mm,-78.1000mm,Top,0,C_0603_1608Metric,100nF
C41,76.5000mm,-80.0000mm,Top,90,C_0603_1608Metric,10uF
C42,116.2000mm,-84.0000mm,Top,90,C_0603_1608Metric,100nF
C43,61.5000mm,-88.0000mm,Top,90,C_0603_1608Metric,100nF
C44,124.0000mm,-91.1000mm,Top,0,C_0603_1608Metric,100nF
C45,133.0000mm,-91.1000mm,Top,0,C_0603_1608Metric,100nF
C46,142.0000mm,-88.6000mm,Top,0,C_0603_1608Metric,100nF
C47,139.5000mm,-100.2000mm,Top,0,C_0603_1608Metric,100nF
C48,143.0000mm,-100.2000mm,Top,0,C_0603_1608Metric,10uF
D1,145.5000mm,-39.0000mm,Top,90,D_SMA,SS34
D2,120.5000mm,-42.5000mm,Top,90,D_SOD-523,ESD5Z5.0T1G
D3,125.0000mm,-45.0000mm,Top,0,D_SOD-523,ESD5Z5.0T1G
D4,131.0000mm,-45.0000mm,Top,0,D_SOD-523,ESD5Z5.0T1G
D5,72.5000mm,-66.5000mm,Top,0,SOT-23,BAT54C
D6,58.0000mm,-88.0000mm,Top,0,LED_WS2812B-2020_PLCC4_2.0x2.0mm,WS2812C-2020-V1
D7,66.0000mm,-88.0000mm,Top,0,LED_0603_1608Metric,red
J2,128.0000mm,-37.0000mm,Top,180,USB_C_Receptacle_HRO_TYPE-C-31-M-12,USB-C
J3,100.0000mm,-42.0000mm,Top,180,TF-SMD_TF-015,microSD
L1,96.4000mm,-60.5000mm,Top,0,RPI_L_AOTA-B201610S3R3,3.3uH
L2,139.0000mm,-60.0000mm,Top,0,L_Sunlord_SWPA4030S,6.8uH
Q1,80.6000mm,-104.2000mm,Top,0,SOT-23,2N7002
Q2,139.0000mm,-104.3000mm,Top,0,SOT-23,AO3401A
R1,120.5000mm,-38.0000mm,Top,90,R_0603_1608Metric,5.1k
R2,135.5000mm,-38.0000mm,Top,90,R_0603_1608Metric,5.1k
R3,141.0000mm,-39.0000mm,Top,90,R_0603_1608Metric,4.7k
R4,113.8000mm,-45.6000mm,Top,90,R_0603_1608Metric,10k
R5,53.5000mm,-48.0000mm,Top,90,R_0603_1608Metric,10k
R6,93.5000mm,-52.5000mm,Top,0,R_0603_1608Metric,33R
R7,118.5000mm,-54.0000mm,Top,0,R_0603_1608Metric,10k
R8,118.5000mm,-52.3000mm,Top,0,R_0603_1608Metric,1k
R9,135.5000mm,-49.5000mm,Top,90,R_0603_1608Metric,10k
R10,93.4000mm,-62.9000mm,Top,0,R_0603_1608Metric,27R
R11,113.0000mm,-62.8000mm,Top,0,R_0603_1608Metric,1k
R12,124.5000mm,-57.5000mm,Top,0,R_0603_1608Metric,22k
R13,128.0000mm,-57.5000mm,Top,0,R_0603_1608Metric,47k
R14,89.6000mm,-66.3000mm,Top,180,R_0603_1608Metric,1k
R15,89.6000mm,-64.6000mm,Top,180,R_0603_1608Metric,1k
R16,93.4000mm,-69.7000mm,Top,180,R_0603_1608Metric,10k
R17,93.4000mm,-64.6000mm,Top,0,R_0603_1608Metric,27R
R18,127.0000mm,-75.8000mm,Top,0,R_0603_1608Metric,4.7k
R19,130.4000mm,-75.8000mm,Top,0,R_0603_1608Metric,4.7k
R20,133.8000mm,-75.8000mm,Top,0,R_0603_1608Metric,4.7k
R21,137.2000mm,-75.8000mm,Top,0,R_0603_1608Metric,4.7k
R22,140.6000mm,-75.8000mm,Top,0,R_0603_1608Metric,4.7k
R23,58.0000mm,-85.0000mm,Top,0,R_0603_1608Metric,330R
R24,66.0000mm,-85.0000mm,Top,0,R_0603_1608Metric,1k
R25,84.2000mm,-104.2000mm,Top,90,R_0603_1608Metric,4.7k
R26,121.6000mm,-104.6000mm,Top,90,R_0603_1608Metric,22k
R27,123.4000mm,-104.6000mm,Top,90,R_0603_1608Metric,100k
RN1,111.0000mm,-45.6000mm,Top,90,R_Array_Convex_4x0603,4x10k
RN2,124.5000mm,-66.5000mm,Top,180,R_Array_Convex_4x0603,4x100R
RN3,124.5000mm,-70.9000mm,Top,180,R_Array_Convex_4x0603,4x100R
SW1,58.0000mm,-70.5000mm,Top,0,SW_SPST_TS-1187A,S3_RST
SW2,66.5000mm,-70.5000mm,Top,0,SW_SPST_TS-1187A,RESET
SW3,58.0000mm,-78.5000mm,Top,0,SW_SPST_TS-1187A,S3_BOOT
SW4,66.5000mm,-78.5000mm,Top,0,SW_SPST_TS-1187A,BOOTSEL
U1,66.0000mm,-45.0000mm,Top,0,ESP32-S3-WROOM-1,ESP32-S3-WROOM-1-N16R8
U2,130.0000mm,-53.0000mm,Top,-90,QFN-28-1EP_5x5mm_P0.5mm_EP3.35x3.35mm,CP2102N-A02-GQFN28
U3,136.5000mm,-54.0000mm,Top,0,SOT-363_SC-70-6,UMH3N
U4,104.0000mm,-63.5000mm,Top,90,QFN-80-1EP_10x10mm_P0.4mm_EP3.4x3.4mm,RP2354B
U5,143.0000mm,-56.0000mm,Top,180,TSOT-23-6,AP63203WU
U6,90.5000mm,-77.0000mm,Top,0,SOT-23-5,AP2112K-3.3
U7,82.8000mm,-86.4000mm,Top,-90,TSOP-I-32_18.4x8mm_P0.5mm,AS6C4008-55TIN
U8,124.0000mm,-84.0000mm,Top,0,SOIC-14_3.9x8.7mm_P1.27mm,74HCT10
U9,133.0000mm,-84.0000mm,Top,0,SOIC-14_3.9x8.7mm_P1.27mm,74HCT27
U10,107.6200mm,-90.5000mm,Top,-90,TSOP-I-32_18.4x8mm_P0.5mm,AS6C4008-55TIN
U11,142.0000mm,-94.5000mm,Top,0,SOIC-14_3.9x8.7mm_P1.27mm,74HCT00
U12,124.0000mm,-97.0000mm,Top,0,SOIC-14_3.9x8.7mm_P1.27mm,74HCT14
U13,133.0000mm,-97.0000mm,Top,0,SOIC-14_3.9x8.7mm_P1.27mm,74HCT27
Y1,118.0000mm,-63.5000mm,Top,0,Crystal_SMD_3225-4Pin_3.2x2.5mm,12MHz
