Line#,Qty,Designator,MPN,Manufacturer,Description,Package,Type,LCSC (reference),Notes
1,1,C1,0603B103K500NT,Fenghua (FH),"Capacitor 10nF C_0603; audio PWM low-pass, fc 10.6 kHz",C_0603_1608Metric,SMD,C57112,
2,5,"C2,C31,C34,C47,C48",CL10A105KB8NNNC,Samsung Electro-Mechanics,Capacitor 1uF C_0603,C_0603_1608Metric,SMD,C15849,
3,26,"C3,C4,C5,C6,C7,C8,C9,C10,C11,C12,C13,C16,C17,C18,C23,C24,C25,C26,C27,C30,C33,C35,C36,C39,C43,C44",CC0603KRX7R9BB104,YAGEO,Capacitor 100nF C_0603,C_0603_1608Metric,SMD,C14663,
4,4,"C14,C28,C32,C38",CL10A106KP8NNNC,Samsung Electro-Mechanics,Capacitor 10uF C_0603,C_0603_1608Metric,SMD,C19702,
5,4,"C15,C19,C20,C37",CL10A475KO8NNNC,Samsung Electro-Mechanics,Capacitor 4.7uF C_0603,C_0603_1608Metric,SMD,C19666,
6,2,"C21,C22",CL10C150JB8NNNC,Samsung Electro-Mechanics,Capacitor 15pF C_0603; crystal load,C_0603_1608Metric,SMD,C1644,
7,6,"C29,C40,C41,C42,C45,C46",CL21A226MAQNNNE,Samsung Electro-Mechanics,Capacitor 22uF C_0805,C_0805_2012Metric,SMD,C45783,
8,1,D1,"BAT54C,215",Nexperia,"BAT54C SOT-23; RESET steering, common cathode",SOT-23,SMD,C37704,
9,1,D2,KT-0603R,Hubei KENTO Elec,red LED_0603; activity LED (GPIO30),LED_0603_1608Metric,SMD,C2286,
10,1,D3,WS2812C-2020-V1,Worldsemi,WS2812C-2020-V1 LED_WS2812B-2020_PLCC4_2.0x2.0mm; status LED on +5V (datasheet VDD 3.7-5.3 V; VIH 2.7 V takes the S3 3.3 V data directly),LED_WS2812B-2020_PLCC4_2.0x2.0mm,SMD,C2976072,
11,3,"D4,D5,D6",ESD5Z5.0T1G,onsemi,ESD5Z5.0T1G D_SOD-523; ESD,D_SOD-523,SMD,C82044,
12,1,D7,SS34,MDD (Microdiode Semiconductor),SS34 D_SMA; USB VBUS OR-ing (no back-feed into the console),D_SMA,SMD,C8678,
13,1,J3,TF-015,SOFNG,"Connector microSD TF-SMD_TF-015; microSD push-push, SPI mode",TF-SMD_TF-015,SMD,C113206,
14,1,J4,TYPE-C-31-M-12,Korean Hroparts Elec,Connector USB-C USB_C_Receptacle_HRO_TYPE-C-31-M-12; power + S3 programming,USB_C_Receptacle_HRO_TYPE-C-31-M-12,SMD,C165948,
15,1,L1,AOTA-B201610S3R3-101-T,Abracon,Inductor 3.3uH RPI_L_AOTA-B201610S3R3; RP2350 core SMPS inductor,RPI_L_AOTA-B201610S3R3,SMD,C42411119,
16,1,L2,SWPA4030S6R8MT,Sunlord,Inductor 6.8uH L_Sunlord_SWPA4030S; buck inductor,L_Sunlord_SWPA4030S,SMD,C62684,
17,1,Q1,2N7002,Jiangsu Changjing (JSCJ),2N7002 SOT-23; console /IRQ pull-down (G = GPIO28); never asserted,SOT-23,SMD,C8545,
18,1,Q2,AO3401A,Alpha & Omega Semiconductor,"AO3401A SOT-23; console 5V switch: G = VBUS, S = +5V, D = CONS_5V; body diode CONS_5V -> +5V",SOT-23,SMD,C15127,
19,8,"R1,R2,R4,R7,R8,R20,R21,R27",0603WAF1002T5E,UNI-ROYAL,Resistor 10k R_0603,R_0603_1608Metric,SMD,C25804,
20,1,R3,0603WAF1501T5E,UNI-ROYAL,"Resistor 1.5k R_0603; audio PWM low-pass, fc 10.6 kHz",R_0603_1608Metric,SMD,C22843,
21,1,R5,0603WAF330JT5E,UNI-ROYAL,Resistor 33R R_0603; VREG_AVDD filter,R_0603_1608Metric,SMD,C23140,
22,5,"R6,R9,R10,R11,R14",0603WAF1001T5E,UNI-ROYAL,Resistor 1k R_0603,R_0603_1608Metric,SMD,C21190,
23,2,"R12,R13",0603WAF270JT5E,UNI-ROYAL,Resistor 27R R_0603; USB series,R_0603_1608Metric,SMD,C25190,
24,2,"R15,R25",0603WAF2202T5E,UNI-ROYAL,Resistor 22k R_0603,R_0603_1608Metric,SMD,C31850,
25,1,R16,0603WAF1003T5E,UNI-ROYAL,Resistor 100k R_0603; console 5V sense -> 0.82 x CONS_5V,R_0603_1608Metric,SMD,C25803,
26,4,"R17,R18,R19,R28",0603WAF4701T5E,UNI-ROYAL,Resistor 4.7k R_0603,R_0603_1608Metric,SMD,C23162,
27,1,R22,0603WAF3300T5E,UNI-ROYAL,Resistor 330R R_0603; WS2812 data series,R_0603_1608Metric,SMD,C23138,
28,2,"R23,R24",0603WAF5101T5E,UNI-ROYAL,Resistor 5.1k R_0603; UFP Rd,R_0603_1608Metric,SMD,C23186,
29,1,R26,0603WAF4702T5E,UNI-ROYAL,Resistor 47k R_0603; VBUS sense divider,R_0603_1608Metric,SMD,C25819,
30,2,"RN1,RN2",4D03WGJ0101T5E,UNI-ROYAL,Resistor array 4x100R R_Array_Convex_4x0603,R_Array_Convex_4x0603,SMD,C25506,
31,1,RN3,4D03WGJ0103T5E,UNI-ROYAL,Resistor array 4x10k R_Array_Convex_4x0603; SD pull-ups,R_Array_Convex_4x0603,SMD,C29718,
32,1,SW1,TS-1187A-B-A-B,XKB Connection,Tactile switch RESET SW_SPST_TS-1187A; cart RESET: RP RUN + S3 EN via BAT54C,SW_SPST_TS-1187A,SMD,C318884,
33,1,SW2,TS-1187A-B-A-B,XKB Connection,Tactile switch BOOTSEL SW_SPST_TS-1187A; RP2354 BOOTSEL (hold while pressing RESET),SW_SPST_TS-1187A,SMD,C318884,
34,1,SW3,TS-1187A-B-A-B,XKB Connection,Tactile switch S3_RST SW_SPST_TS-1187A; ESP32-S3 EN,SW_SPST_TS-1187A,SMD,C318884,
35,1,SW4,TS-1187A-B-A-B,XKB Connection,Tactile switch S3_BOOT SW_SPST_TS-1187A; ESP32-S3 BOOT (IO0),SW_SPST_TS-1187A,SMD,C318884,
36,1,U1,RP2354B,Raspberry Pi,RP2354B QFN-80-1EP_10x10mm_P0.4mm_EP3.4x3.4mm; RP2350B + 2MB flash in package; cart bus server + slot table,QFN-80-1EP_10x10mm_P0.4mm_EP3.4x3.4mm,SMD,C39843328,
37,1,U2,SN74HCT14DR,Texas Instruments,"74HCT14 SOIC-14_3.9x8.7mm_P1.27mm; PWR_OK from the console 5V sense; A13, R/W, A8MASK, SRAM A8 inversions",SOIC-14_3.9x8.7mm_P1.27mm,SMD,C6769,
38,1,U3,SN74HCT00DR,Texas Instruments,"74HCT00 SOIC-14_3.9x8.7mm_P1.27mm; LOW_X = A13 | !A11; A15, A14 & PWR_OK; SRAM A8 mask",SOIC-14_3.9x8.7mm_P1.27mm,SMD,C6764,
39,2,"U4,U5",CD74HCT20M96,Texas Instruments,74HCT20 SOIC-14_3.9x8.7mm_P1.27mm,SOIC-14_3.9x8.7mm_P1.27mm,SMD,C2878717,
40,1,U6,AS6C4008-55TIN,Alliance Memory,"AS6C4008-55TIN TSOP-I-32_18.4x8mm_P0.5mm; 512Kx8 SRAM, 5 V: 64 x 8K pages, slot page from the PIO table",TSOP-I-32_18.4x8mm_P0.5mm,SMD,C5569980,"TSOP-I 8x20 mm (Type I); 0 at LCSC on 2026-10-07: source from DigiKey / Mouser, or consign"
41,1,U7,ESP32-S3-WROOM-1-N16R8,Espressif,ESP32-S3-WROOM-1-N16R8 ESP32-S3-WROOM-1; FujiNet core (fujiversal-atari7800),ESP32-S3-WROOM-1,SMD,C2913202,
42,1,U8,CP2102N-A02-GQFN28R,Silicon Labs,CP2102N-A02-GQFN28 QFN-28-1EP_5x5mm_P0.5mm_EP3.35x3.35mm; USB-UART for S3 flashing/console (self-powered),QFN-28-1EP_5x5mm_P0.5mm_EP3.35x3.35mm,SMD,C964632,
43,1,U9,UMH3N,Jiangsu Changjing (JSCJ),UMH3N SOT-363_SC-70-6; esptool auto-program (DevKitC-1 style),SOT-363_SC-70-6,SMD,C62892,
44,1,U10,AP63203WU-7,Diodes Incorporated,AP63203WU TSOT-23-6; 3.3V 2A buck,TSOT-23-6,SMD,C780769,
45,1,U11,AP2112K-3.3TRG1,Diodes Incorporated,"AP2112K-3.3 SOT-23-5; RP2354B 3.3V LDO (IOVDD, VREG_VIN, VREG_AVDD), 600mA, fast start",SOT-23-5,SMD,C51118,
46,1,Y1,ABM8-272-T3,Abracon,Crystal 12MHz Crystal_SMD_3225-4Pin_3.2x2.5mm; RP2350 12 MHz crystal,Crystal_SMD_3225-4Pin_3.2x2.5mm,SMD,C20625731,
