Qty,References,Value,Footprint,MPN,LCSC,Description,Notes
22,C1 C2 C3 C4 C5 C6 C7 C8 C9 C10 C11 C12 C16 C17 C18 C22 C25 C27 C28 C30 C34 C35,100nF,C_0603_1608Metric,CC0603KRX7R9BB104,C14663,capacitor (several uses: see schematic),
6,C13 C15 C23 C26 C38 C39,1uF,C_0603_1608Metric,CL10A105KB8NNNC,C15849,capacitor (several uses: see schematic),
2,C14 C24,10uF,C_0603_1608Metric,CL10A106KP8NNNC,C19702,capacitor (several uses: see schematic),
2,C19 C20,15pF,C_0603_1608Metric,CL10C150JB8NNNC,C1644,crystal load,
6,C21 C31 C32 C33 C36 C37,22uF,C_0805_2012Metric,CL21A226MAQNNNE,C45783,capacitor (several uses: see schematic),
1,C29,4.7uF,C_0603_1608Metric,CL10A475KO8NNNC,C19666,CP2102N VDD bulk,
1,D1,green,LED_0603_1608Metric,KT-0603G,C12624,RP activity LED,
1,D2,BAT54C,SOT-23,"BAT54C,215",C37704,"RESET steering, common cathode",
1,D3,WS2812B-2020-V6,LED_WS2812B-2020_PLCC4_2.0x2.0mm,WS2812B-2020-V6,C52917434,status LED on +5V (datasheet VDD 3.7-5.3 V; VIH 2.7 V takes 3.3 V data),
3,D4 D5 D6,ESD5Z5.0T1G,D_SOD-523,ESD5Z5.0T1G,C82044,ESD,
2,D7 D8,SS34,D_SMA,SS34,C8678,diode (several uses: see schematic),
1,J1,ChannelF_Cart_Edge_22,,,,"Fairchild Channel F Videocart edge, 22 contacts (footprint: measure a real Videocart first)",not in BOM
1,J2,microSD,TF-SMD_TF-015,TF-015,C113206,"microSD push-push, SPI mode",
1,J3,USB-C,USB_C_Receptacle_HRO_TYPE-C-31-M-12,TYPE-C-31-M-12,C165948,power + S3 programming,
1,L1,6.8uH,L_Sunlord_SWPA4030S,SWPA4030S6R8MT,C62684,buck inductor,
1,Q1,2N7002,SOT-23,2N7002,C8545,"/INTREQ open-drain driver (GP16, unused by the firmware)",
1,R1,4.7k,R_0603_1608Metric,0603WAF4701T5E,C23162,DIR pull-up: console -> cart through RP reset / boot,
6,R2 R6 R9 R13 R14 R20,10k,R_0603_1608Metric,0603WAF1002T5E,C25804,resistor (several uses: see schematic),
1,R3,100k,R_0603_1608Metric,0603WAF1003T5E,C25803,/INTREQ FET gate pull-down,
2,R4 R15,330R,R_0603_1608Metric,0603WAF3300T5E,C23138,resistor (several uses: see schematic),
4,R5 R7 R8 R10,1k,R_0603_1608Metric,0603WAF1001T5E,C21190,resistor (several uses: see schematic),
2,R11 R12,27R,R_0603_1608Metric,0603WAF270JT5E,C25190,USB series,
2,R16 R17,5.1k,R_0603_1608Metric,0603WAF5101T5E,C23186,UFP Rd,
1,R18,22k,R_0603_1608Metric,0603WAF2202T5E,C31850,VBUS sense divider,
1,R19,47k,R_0603_1608Metric,0603WAF4702T5E,C25819,VBUS sense divider,
1,RN1,4x10k,R_Array_Convex_4x0603,4D03WGJ0103T5E,C29718,SD pull-ups,
1,SW1,BOOTSEL,SW_SPST_TL3342,TL3342F160QG,C2886898,RP2040 BOOTSEL (hold while pressing RESET),
1,SW2,RESET,SW_SPST_TL3342,TL3342F160QG,C2886898,cart RESET: RP RUN + S3 EN via BAT54C,
1,SW3,S3_RST,SW_SPST_TL3342,TL3342F160QG,C2886898,ESP32-S3 EN,
1,SW4,S3_BOOT,SW_SPST_TL3342,TL3342F160QG,C2886898,ESP32-S3 BOOT (IO0),
1,TP1,DIR,TestPoint_Pad_D1.5mm,,,test pad,not in BOM
1,TP2,WRITE,TestPoint_Pad_D1.5mm,,,test pad,not in BOM
1,TP3,PHI,TestPoint_Pad_D1.5mm,,,test pad,not in BOM
1,TP4,GP17,TestPoint_Pad_D1.5mm,,,test pad,not in BOM
1,TP5,SWCLK,TestPoint_Pad_D1.5mm,,,test pad,not in BOM
1,TP6,SWDIO,TestPoint_Pad_D1.5mm,,,test pad,not in BOM
1,TP7,GND,TestPoint_Pad_D1.5mm,,,test pad,not in BOM
1,TP8,RUN,TestPoint_Pad_D1.5mm,,,test pad,not in BOM
1,TP9,BOOTSEL,TestPoint_Pad_D1.5mm,,,test pad,not in BOM
1,TP10,+5V,TestPoint_Pad_D1.5mm,,,test pad,not in BOM
1,TP11,+3V3,TestPoint_Pad_D1.5mm,,,test pad,not in BOM
1,TP12,+3V3_RP,TestPoint_Pad_D1.5mm,,,test pad,not in BOM
1,U1,RP2040,QFN-56-1EP_7x7mm_P0.4mm_EP3.2x3.2mm,RP2040,C2040,F8 bus memory device: ROMC state machine on core1 (fujichannelf),
2,U2 U3,SN74LVC4245APWR,TSSOP-24_4.4x7.8mm_P0.65mm,SN74LVC4245APWR,C7859,U (several uses: see schematic),
1,U4,W25Q16JVSSIQ,SOIC-8_5.3x5.3mm_P1.27mm,W25Q16JVSSIQ,C82317,2 MB QSPI boot flash,
1,U5,ESP32-S3-WROOM-1-N16R8,ESP32-S3-WROOM-1,ESP32-S3-WROOM-1-N16R8,C2913202,FujiNet core (fujiversal-channelf),
1,U6,CP2102N-A02-GQFN28,QFN-28-1EP_5x5mm_P0.5mm_EP3.35x3.35mm,CP2102N-A02-GQFN28R,C964632,USB-UART for S3 flashing/console (self-powered),
1,U7,UMH3N,SOT-363_SC-70-6,UMH3N,C62892,esptool auto-program (DevKitC-1 style),
1,U8,AP63203WU,TSOT-23-6,AP63203WU-7,C780769,3.3V 2A buck,
1,U9,AP2112K-3.3,SOT-23-5,AP2112K-3.3TRG1,C51118,"RP2040 + flash + translator B ports 3.3V LDO, fast start",
1,Y1,12MHz,Crystal_SMD_3225-4Pin_3.2x2.5mm,ABM8-272-T3,C20625731,,
