"Refs","Value","Footprint","MPN","LCSC","Description","DNP"
"C1,C2,C3,C4,C5,C6,C7,C8,C9,C10,C11,C14,C15,C16,C21,C22,C24,C25,C26,C27,C28,C30,C33,C34,C36,C40,C41","100nF","C_0603_1608Metric","CC0603KRX7R9BB104","C14663","IOVDD decoupling",""
"C12,C17,C18,C35","4.7uF","C_0603_1608Metric","CL10A475KO8NNNC","C19666","VREG_VIN bulk",""
"C13,C23,C32","10uF","C_0603_1608Metric","CL10A106KP8NNNC","C19702","RP 3V3 bulk",""
"C19,C20","15pF","C_0603_1608Metric","CL10C150JB8NNNC","C1644","crystal load",""
"C29,C37,C38,C39,C42,C43","22uF","C_0805_2012Metric","CL21A226MAQNNNE","C45783","S3 bulk (WiFi TX bursts)",""
"C31","1uF","C_0603_1608Metric","CL10A105KB8NNNC","C15849","EN power-on delay",""
"D1","BAT54C","SOT-23","BAT54C,215","C37704","RESET steering, common cathode",""
"D2","green","LED_0603_1608Metric","KT-0603G","C12624","activity LED ('595 QG)",""
"D3","WS2812B-2020-V6","LED_WS2812B-2020_PLCC4_2.0x2.0mm","WS2812B-2020-V6","C52917434","status LED (3.3V-rated V6 part: no data-level shifting needed)",""
"D4,D5,D6","ESD5Z5.0T1G","D_SOD-523","ESD5Z5.0T1G","C82044","ESD",""
"D7,D8","SS34","D_SMA","SS34","C8678","console 5V OR-ing",""
"J2","microSD","TF-SMD_TF-015","TF-015","C113206","microSD push-push, SPI mode",""
"J3","USB-C","USB_C_Receptacle_HRO_TYPE-C-31-M-12","TYPE-C-31-M-12","C165948","power + S3 programming",""
"L1","3.3uH","RPI_L_AOTA-B201610S3R3","AOTA-B201610S3R3-101-T","C42411119","RP2350 core SMPS inductor",""
"L2","6.8uH","L_Sunlord_SWPA4030S","SWPA4030S6R8MT","C62684","buck inductor",""
"R1","33R","R_0603_1608Metric","0603WAF330JT5E","C23140","VREG_AVDD filter",""
"R2,R5,R6,R7,R12","1k","R_0603_1608Metric","0603WAF1001T5E","C21190","crystal drive limit",""
"R3,R4,R13,R14,R20","10k","R_0603_1608Metric","0603WAF1002T5E","C25804","RUN pull-up",""
"R8,R9","27R","R_0603_1608Metric","0603WAF270JT5E","C25190","USB series",""
"R10","100k","R_0603_1608Metric","0603WAF1003T5E","C25803","console 5V sense divider",""
"R11","150k","R_0603_1608Metric","0603WAF1503T5E","C22807","console 5V sense -> 3.0V",""
"R15","330R","R_0603_1608Metric","0603WAF3300T5E","C23138","WS2812 data series",""
"R16,R17","5.1k","R_0603_1608Metric","0603WAF5101T5E","C23186","UFP Rd",""
"R18","22k","R_0603_1608Metric","0603WAF2202T5E","C31850","VBUS sense divider",""
"R19","47k","R_0603_1608Metric","0603WAF4702T5E","C25819","VBUS sense divider",""
"RN1","4x10k","R_Array_Convex_4x0603","4D03WGJ0103T5E","C29718","SD pull-ups",""
"SW1","RESET","SW_SPST_TL3342","TL3342F160QG","C2886898","cart RESET: RP RUN + S3 EN via BAT54C",""
"SW2","BOOTSEL","SW_SPST_TL3342","TL3342F160QG","C2886898","RP2354 BOOTSEL (hold while pressing RESET)",""
"SW3","S3_RST","SW_SPST_TL3342","TL3342F160QG","C2886898","ESP32-S3 EN",""
"SW4","S3_BOOT","SW_SPST_TL3342","TL3342F160QG","C2886898","ESP32-S3 BOOT (IO0)",""
"U1","RP2354B","QFN-80-1EP_10x10mm_P0.4mm_EP3.4x3.4mm","RP2354B","C39843328","RP2350B + 2MB flash in package; cart bus server + bank tables",""
"U2,U3","AS6C4008-55TIN","TSOP-I-32_18.4x8mm_P0.5mm","AS6C4008-55TIN","C5569980","PRG SRAM 512Kx8: $8000-$FFFF through the 4 x 8K bank table (GP33-38)",""
"U4","74HCT595","SOIC-16_3.9x9.9mm_P1.27mm","74HCT595D,118","C282339","control bits: SRAM_EN PRG_WE_EN CHR_WE_EN MIR0 MIR1 FOURSCREEN LED spare",""
"U5","74HCT253","SOIC-16_3.9x9.9mm_P1.27mm","74HCT253D,653","C547509","CIRAM A10 mirroring mux (tri-state, /OE = PWR_OK_N)",""
"U6","74HCT14","SOIC-14_3.9x8.7mm_P1.27mm","SN74HCT14DR","C6769","PWR_OK / PWR_OK_N from the console 5V sense; ROMSEL, CHR_WE_EN, FOURSCREEN inversions",""
"U7","74HCT00","SOIC-14_3.9x8.7mm_P1.27mm","SN74HCT00DR","C6764","PRG SRAM /CE, /OE, write gate; FOURSCREEN & PWR_OK",""
"U8","74HCT32","SOIC-14_3.9x8.7mm_P1.27mm","74HCT32D,653","C5985","CHR SRAM /OE, /WE; PRG SRAM /WE; CIRAM /CE",""
"U9","ESP32-S3-WROOM-1-N16R8","ESP32-S3-WROOM-1","ESP32-S3-WROOM-1-N16R8","C2913202","FujiNet core (fujiversal-nes)",""
"U10","CP2102N-A02-GQFN28","QFN-28-1EP_5x5mm_P0.5mm_EP3.35x3.35mm","CP2102N-A02-GQFN28R","C964632","USB-UART for S3 flashing/console (self-powered)",""
"U11","UMH3N","SOT-363_SC-70-6","UMH3N","C62892","esptool auto-program (DevKitC-1 style)",""
"U12","AP63203WU","TSOT-23-6","AP63203WU-7","C780769","3.3V 2A buck",""
"Y1","12MHz","Crystal_SMD_3225-4Pin_3.2x2.5mm","ABM8-272-T3","C20625731","",""
