"Refs","Value","Footprint","MPN","Manufacturer","LCSC","Description","DNP"
"C1","10nF","C_0603_1608Metric","0603B103K500NT","Fenghua (FH)","C57112","audio PWM low-pass, fc 10.6 kHz",""
"C2,C31,C34,C47,C48","1uF","C_0603_1608Metric","CL10A105KB8NNNC","Samsung Electro-Mechanics","C15849","EAUDIO DC block",""
"C3,C4,C5,C6,C7,C8,C9,C10,C11,C12,C13,C16,C17,C18,C23,C24,C25,C26,C27,C30,C33,C35,C36,C39,C43,C44","100nF","C_0603_1608Metric","CC0603KRX7R9BB104","YAGEO","C14663","IOVDD decoupling",""
"C14,C28,C32,C38","10uF","C_0603_1608Metric","CL10A106KP8NNNC","Samsung Electro-Mechanics","C19702","RP IO rail bulk (LDO output)",""
"C15,C19,C20,C37","4.7uF","C_0603_1608Metric","CL10A475KO8NNNC","Samsung Electro-Mechanics","C19666","VREG_VIN bulk (LDO rail)",""
"C21,C22","15pF","C_0603_1608Metric","CL10C150JB8NNNC","Samsung Electro-Mechanics","C1644","crystal load",""
"C29,C40,C41,C42,C45,C46","22uF","C_0805_2012Metric","CL21A226MAQNNNE","Samsung Electro-Mechanics","C45783","S3 bulk (WiFi TX bursts)",""
"D1","BAT54C","SOT-23","BAT54C,215","Nexperia","C37704","RESET steering, common cathode",""
"D2","red","LED_0603_1608Metric","KT-0603R","Hubei KENTO Elec","C2286","activity LED (GPIO30)",""
"D3","WS2812C-2020-V1","LED_WS2812B-2020_PLCC4_2.0x2.0mm","WS2812C-2020-V1","Worldsemi","C2976072","status LED on +5V (datasheet VDD 3.7-5.3 V; VIH 2.7 V takes the S3 3.3 V data directly)",""
"D4,D5,D6","ESD5Z5.0T1G","D_SOD-523","ESD5Z5.0T1G","onsemi","C82044","ESD",""
"D7","SS34","D_SMA","SS34","MDD (Microdiode Semiconductor)","C8678","USB VBUS OR-ing (no back-feed into the console)",""
"J2","DBG UART","PinHeader_1x03_P2.54mm_Vertical","PZ254V-11-03P","XFCN","C2937625","RP debug UART, 3.3 V: 1 TX (GPIO44), 2 RX (GPIO45), 3 GND; fit for bring-up","DNP"
"J3","microSD","TF-SMD_TF-015","TF-015","SOFNG","C113206","microSD push-push, SPI mode",""
"J4","USB-C","USB_C_Receptacle_HRO_TYPE-C-31-M-12","TYPE-C-31-M-12","Korean Hroparts Elec","C165948","power + S3 programming",""
"L1","3.3uH","RPI_L_AOTA-B201610S3R3","AOTA-B201610S3R3-101-T","Abracon","C42411119","RP2350 core SMPS inductor",""
"L2","6.8uH","L_Sunlord_SWPA4030S","SWPA4030S6R8MT","Sunlord","C62684","buck inductor",""
"Q1","2N7002","SOT-23","2N7002","Jiangsu Changjing (JSCJ)","C8545","console /IRQ pull-down (G = GPIO28); never asserted",""
"Q2","AO3401A","SOT-23","AO3401A","Alpha & Omega Semiconductor","C15127","console 5V switch: G = VBUS, S = +5V, D = CONS_5V; body diode CONS_5V -> +5V",""
"R1,R2,R4,R7,R8,R20,R21,R27","10k","R_0603_1608Metric","0603WAF1002T5E","UNI-ROYAL","C25804","/HALT isolation: the console sees only the finger stub",""
"R3","1.5k","R_0603_1608Metric","0603WAF1501T5E","UNI-ROYAL","C22843","audio PWM low-pass, fc 10.6 kHz",""
"R5","33R","R_0603_1608Metric","0603WAF330JT5E","UNI-ROYAL","C23140","VREG_AVDD filter",""
"R6,R9,R10,R11,R14","1k","R_0603_1608Metric","0603WAF1001T5E","UNI-ROYAL","C21190","crystal drive limit",""
"R12,R13","27R","R_0603_1608Metric","0603WAF270JT5E","UNI-ROYAL","C25190","USB series",""
"R15,R25","22k","R_0603_1608Metric","0603WAF2202T5E","UNI-ROYAL","C31850","console 5V sense divider",""
"R16","100k","R_0603_1608Metric","0603WAF1003T5E","UNI-ROYAL","C25803","console 5V sense -> 0.82 x CONS_5V",""
"R17,R18,R19,R28","4.7k","R_0603_1608Metric","0603WAF4701T5E","UNI-ROYAL","C23162","ROM_EN low until the PIO table runs (RP2350-E9: <= 8.2k)",""
"R22","330R","R_0603_1608Metric","0603WAF3300T5E","UNI-ROYAL","C23138","WS2812 data series",""
"R23,R24","5.1k","R_0603_1608Metric","0603WAF5101T5E","UNI-ROYAL","C23186","UFP Rd",""
"R26","47k","R_0603_1608Metric","0603WAF4702T5E","UNI-ROYAL","C25819","VBUS sense divider",""
"RN1,RN2","4x100R","R_Array_Convex_4x0603","4D03WGJ0101T5E","UNI-ROYAL","C25506","D0-D3 100R series (GPIO0-3)",""
"RN3","4x10k","R_Array_Convex_4x0603","4D03WGJ0103T5E","UNI-ROYAL","C29718","SD pull-ups",""
"SW1","RESET","SW_SPST_TS-1187A","TS-1187A-B-A-B","XKB Connection","C318884","cart RESET: RP RUN + S3 EN via BAT54C",""
"SW2","BOOTSEL","SW_SPST_TS-1187A","TS-1187A-B-A-B","XKB Connection","C318884","RP2354 BOOTSEL (hold while pressing RESET)",""
"SW3","S3_RST","SW_SPST_TS-1187A","TS-1187A-B-A-B","XKB Connection","C318884","ESP32-S3 EN",""
"SW4","S3_BOOT","SW_SPST_TS-1187A","TS-1187A-B-A-B","XKB Connection","C318884","ESP32-S3 BOOT (IO0)",""
"U1","RP2354B","QFN-80-1EP_10x10mm_P0.4mm_EP3.4x3.4mm","RP2354B","Raspberry Pi","C39843328","RP2350B + 2MB flash in package; cart bus server + slot table",""
"U2","74HCT14","SOIC-14_3.9x8.7mm_P1.27mm","SN74HCT14DR","Texas Instruments","C6769","PWR_OK from the console 5V sense; A13, R/W, A8MASK, SRAM A8 inversions",""
"U3","74HCT00","SOIC-14_3.9x8.7mm_P1.27mm","SN74HCT00DR","Texas Instruments","C6764","LOW_X = A13 | !A11; A15, A14 & PWR_OK; SRAM A8 mask",""
"U4,U5","74HCT20","SOIC-14_3.9x8.7mm_P1.27mm","CD74HCT20M96","Texas Instruments","C2878717","CSEL_P = PWR_OK & CARTSEL",""
"U6","AS6C4008-55TIN","TSOP-I-32_18.4x8mm_P0.5mm","AS6C4008-55TIN","Alliance Memory","C5569980","512Kx8 SRAM, 5 V: 64 x 8K pages, slot page from the PIO table",""
"U7","ESP32-S3-WROOM-1-N16R8","ESP32-S3-WROOM-1","ESP32-S3-WROOM-1-N16R8","Espressif","C2913202","FujiNet core (fujiversal-atari7800)",""
"U8","CP2102N-A02-GQFN28","QFN-28-1EP_5x5mm_P0.5mm_EP3.35x3.35mm","CP2102N-A02-GQFN28R","Silicon Labs","C964632","USB-UART for S3 flashing/console (self-powered)",""
"U9","UMH3N","SOT-363_SC-70-6","UMH3N","Jiangsu Changjing (JSCJ)","C62892","esptool auto-program (DevKitC-1 style)",""
"U10","AP63203WU","TSOT-23-6","AP63203WU-7","Diodes Incorporated","C780769","3.3V 2A buck",""
"U11","AP2112K-3.3","SOT-23-5","AP2112K-3.3TRG1","Diodes Incorporated","C51118","RP2354B 3.3V LDO (IOVDD, VREG_VIN, VREG_AVDD), 600mA, fast start",""
"Y1","12MHz","Crystal_SMD_3225-4Pin_3.2x2.5mm","ABM8-272-T3","Abracon","C20625731","RP2350 12 MHz crystal",""
